Snow Goose,0,0,0,0,0,0,0,0,0,0,0,1,0,0,0,0,0,0,0,0,0,0,0,0,0,0,0,0,0,0,0,0,0,0,0,0,0,1,4,4,0,0,1,4,0,0,0,3
Greater White-fronted Goose,37,1,97,25,13,2,0,0,0,0,0,0,0,0,0,0,0,0,0,0,0,0,0,0,0,0,0,0,0,0,0,0,0,0,0,0,0,0,0,0,0,0,0,0,0,0,0,0
Brant,55,34,22,48,22,31,32,44,56,37,32,58,22,32,50,46,50,57,35,23,0,2,0,0,0,0,0,0,0,0,0,0,0,0,0,1,2,1,31,24,40,17,12,39,22,37,25,43
Cackling Goose,0,0,0,0,0,1,0,0,0,0,0,0,0,0,0,0,0,0,0,0,0,0,0,0,0,0,0,0,0,0,0,0,0,0,0,0,0,0,0,0,0,0,0,3,0,0,0,0
Canada Goose,258,163,240,235,193,195,167,169,203,289,186,350,332,317,358,532,579,558,424,311,106,106,59,82,47,53,79,123,83,72,112,166,157,205,150,242,186,211,230,211,165,145,100,209,134,138,120,203
Cackling/Canada Goose,1,0,0,0,1,0,0,0,0,0,0,0,0,0,0,0,0,0,0,0,0,0,0,0,0,0,0,0,0,0,0,0,0,0,0,0,1,0,0,1,0,0,1,1,0,0,1,0
Branta sp.,0,0,0,0,0,0,0,0,0,0,0,0,0,0,0,0,0,0,0,0,0,0,0,0,0,0,0,0,0,0,0,0,0,0,0,0,0,0,1,0,0,0,0,0,0,2,0,0
goose sp.,1,1,0,0,0,1,1,0,1,1,0,1,1,1,1,1,3,1,2,0,0,0,0,0,0,0,0,0,0,0,0,1,0,0,1,0,0,1,5,2,0,0,0,3,0,0,1,1
Mute Swan,0,0,0,8,9,42,49,2,2,0,2,1,0,1,0,0,2,1,0,0,0,0,2,0,0,0,0,0,0,0,0,1,0,0,0,0,0,0,0,2,1,0,1,0,0,0,0,0
swan sp.,0,1,0,0,0,0,0,0,0,0,0,0,0,0,0,0,0,0,0,0,0,0,0,0,0,0,0,0,0,0,0,0,0,0,0,0,0,0,0,0,0,0,0,0,0,0,0,0
Wood Duck,7,14,11,15,35,17,23,30,19,38,7,35,14,12,14,11,17,5,3,15,21,13,7,10,16,6,7,10,15,4,6,9,6,6,4,5,1,17,26,58,37,14,11,19,11,6,9,17
Blue-winged Teal,0,0,0,0,0,0,0,0,0,0,0,0,0,0,0,1,6,0,0,0,0,0,0,15,0,0,0,0,0,0,1,2,1,0,0,0,0,0,0,0,0,0,0,0,0,0,0,0
Northern Shoveler,118,69,78,78,88,85,67,93,110,129,58,78,103,59,72,56,18,0,0,0,0,0,0,0,0,0,0,0,0,0,1,7,6,5,4,39,25,26,71,112,122,126,97,82,78,68,65,132
Gadwall,64,31,19,36,28,31,36,55,46,34,23,51,34,67,88,85,81,94,46,47,33,20,12,14,7,6,4,18,6,4,14,26,9,34,41,60,58,65,94,98,69,75,23,30,28,30,22,47
American Wigeon,0,0,0,0,0,0,0,2,0,0,0,0,0,0,0,0,0,0,0,0,0,0,0,0,0,0,0,0,0,0,0,0,0,0,0,0,0,0,0,0,0,0,0,4,0,0,0,0
Mallard,271,166,253,226,191,165,174,186,216,304,185,390,376,364,433,726,724,668,539,391,150,123,85,115,75,74,97,125,109,96,132,245,203,217,194,264,188,241,221,252,221,209,139,176,130,147,127,223
Mallard (Domestic type),1,0,0,0,0,1,4,5,3,5,0,1,1,2,3,1,4,4,1,2,5,6,4,3,3,6,4,3,4,4,0,4,2,6,1,8,1,1,2,1,3,4,4,2,5,4,3,8
American Black Duck,42,32,47,23,23,18,16,37,18,14,9,24,14,9,12,22,22,28,24,25,9,9,7,10,0,6,5,14,11,7,12,29,24,42,20,30,17,24,26,35,15,18,11,15,12,18,13,27
Northern Pintail,3,2,1,0,5,0,2,2,6,2,2,0,0,0,0,0,0,0,0,0,0,0,0,0,0,0,0,0,0,0,0,0,0,0,0,0,0,0,5,1,1,0,0,6,1,6,8,37
Green-winged Teal,0,0,0,0,0,0,0,0,0,0,0,0,0,0,0,0,0,0,0,0,0,0,0,0,0,0,0,0,0,0,0,10,1,0,1,0,0,3,6,51,43,28,13,12,25,19,22,31
dabbling duck sp.,0,0,0,0,0,0,0,0,0,0,0,0,0,0,0,0,0,0,0,0,0,0,0,0,0,0,0,0,0,0,0,0,0,0,0,0,0,0,0,1,0,0,0,0,0,0,0,0
Canvasback,5,0,1,0,0,0,0,0,0,0,0,0,0,0,0,0,0,0,0,0,0,0,0,0,0,0,0,0,0,0,0,0,0,0,0,0,0,0,0,0,0,0,0,0,0,0,0,0
Ring-necked Duck,0,8,1,0,0,1,0,19,9,17,0,14,0,0,0,0,0,0,0,0,0,0,0,0,0,0,0,0,0,0,0,0,0,0,0,0,0,0,0,0,0,19,0,0,0,0,0,1
Greater Scaup,0,0,0,0,0,3,1,2,2,0,1,0,0,0,0,0,0,0,0,0,0,0,0,0,0,0,0,0,0,0,0,0,0,0,0,0,0,0,0,0,0,0,0,0,0,0,3,5
Lesser Scaup,1,0,8,0,0,0,0,0,3,1,1,2,0,0,0,0,0,0,0,0,0,0,0,0,0,0,0,0,0,0,0,0,0,0,0,0,0,0,0,0,0,0,0,0,3,1,5,13
Greater/Lesser Scaup,0,0,2,0,1,1,0,0,0,0,0,0,0,0,0,0,0,0,0,0,0,0,0,0,0,0,0,0,0,0,0,0,0,0,0,0,0,0,0,0,1,0,2,7,4,4,3,16
Aythya sp.,0,0,0,0,0,0,0,0,0,0,0,0,0,0,0,0,0,0,0,0,0,0,0,0,0,0,0,0,0,0,0,0,0,0,0,0,0,0,0,0,0,0,0,2,0,0,0,0
Surf Scoter,0,0,0,0,0,0,0,0,0,0,0,0,0,0,0,0,0,0,0,0,0,0,0,0,0,0,0,0,0,0,0,0,0,0,0,0,0,0,0,2,0,0,0,0,0,0,0,0
White-winged Scoter,0,0,0,0,0,0,0,0,0,0,0,0,0,0,0,0,0,0,0,0,0,0,0,0,0,0,0,0,0,0,0,0,0,0,0,0,0,0,0,2,0,0,0,2,0,0,0,0
Long-tailed Duck,1,0,0,0,0,0,7,0,0,0,0,0,0,0,0,0,0,0,0,0,0,0,0,0,0,0,0,0,0,0,0,0,0,0,0,0,0,0,0,0,3,0,0,0,0,0,1,0
Bufflehead,117,91,127,90,95,76,51,82,89,100,44,70,72,36,53,63,15,0,0,0,0,0,0,0,0,0,0,0,0,0,0,0,0,0,0,0,0,0,0,4,86,88,69,63,47,51,52,104
Common Goldeneye,6,1,0,2,3,4,3,3,2,4,4,1,0,0,0,0,0,0,0,0,0,0,0,0,0,0,0,0,0,0,0,0,0,0,0,0,0,0,0,0,23,1,0,0,0,10,3,8
Hooded Merganser,65,59,87,45,83,73,57,47,42,42,9,24,20,9,14,0,0,0,0,0,0,0,0,0,0,0,0,0,0,2,0,0,0,0,0,0,0,0,0,15,61,68,47,59,42,48,39,84
Common Merganser,0,0,1,0,1,2,1,1,4,3,0,0,0,0,0,0,0,0,0,0,0,0,0,0,0,0,0,0,0,0,0,0,0,0,0,0,0,0,0,1,2,2,0,0,0,0,0,1
Red-breasted Merganser,37,21,21,26,55,62,35,32,34,31,15,19,9,12,3,0,0,0,0,0,0,0,0,0,0,0,0,0,0,0,0,0,0,0,0,0,0,0,0,3,0,0,2,6,5,13,23,44
Ruddy Duck,99,64,118,53,35,4,15,49,61,56,20,62,52,36,60,37,45,0,0,0,0,0,1,0,0,0,0,0,0,0,0,0,0,0,0,12,4,26,48,68,90,83,64,54,41,40,36,87
duck sp.,3,0,1,1,2,1,0,2,3,4,1,5,1,2,1,1,2,0,0,2,1,0,0,0,1,0,1,1,2,2,1,5,2,3,1,1,1,1,5,4,3,2,3,5,0,3,1,4
waterfowl sp.,0,0,0,0,0,0,0,0,0,0,0,0,0,0,0,0,0,0,0,0,0,0,0,0,0,0,0,0,0,0,0,0,0,0,0,0,0,0,1,0,0,0,0,1,0,0,0,0
Wild Turkey,0,0,0,0,0,0,0,0,0,0,0,0,0,0,0,0,3,1,1,3,0,1,2,0,1,0,1,0,0,0,0,0,0,0,0,0,0,0,0,0,0,0,0,0,0,0,0,0
Pied-billed Grebe,0,1,0,0,1,0,0,0,0,0,0,1,0,0,1,0,0,0,0,0,0,0,0,0,0,0,0,0,0,0,0,17,3,0,0,0,0,7,15,25,54,46,3,1,1,0,0,0
Horned Grebe,0,0,0,0,0,0,0,1,7,0,0,0,0,1,0,0,0,0,0,0,0,0,0,0,0,0,0,0,0,0,0,0,0,0,0,0,0,0,0,0,0,0,0,0,0,0,0,0
Rock Pigeon,268,206,223,253,168,226,180,214,232,294,239,434,349,371,507,750,803,799,611,488,193,175,147,183,135,150,171,215,176,139,190,335,263,364,338,450,366,367,309,392,305,242,172,282,205,185,187,215
Mourning Dove,177,126,163,194,127,154,144,139,171,289,182,400,370,367,456,751,790,734,627,482,149,122,93,111,93,89,114,164,149,113,200,263,244,338,302,402,323,293,269,245,192,146,133,169,137,119,128,163
pigeon/dove sp.,0,0,0,0,0,0,0,0,0,0,0,0,0,0,0,0,0,0,0,0,0,0,0,0,0,0,0,0,0,0,0,0,0,0,0,0,0,0,0,0,0,1,0,1,0,0,0,0
Yellow-billed Cuckoo,0,0,0,0,0,0,0,0,0,0,0,0,0,0,0,1,4,6,24,11,1,2,0,1,1,0,0,0,0,2,3,2,11,59,19,18,27,11,2,2,0,0,0,0,0,0,0,0
Black-billed Cuckoo,0,0,0,0,0,0,0,0,0,0,0,0,0,0,1,17,1,2,23,4,3,0,0,0,0,0,0,0,1,0,1,2,1,31,4,3,4,2,0,0,0,0,0,0,0,0,0,0
Yellow/Black-billed Cuckoo,0,0,0,0,0,0,0,0,0,0,0,0,0,0,0,0,0,0,0,1,0,0,0,0,0,0,0,0,0,0,0,0,0,3,0,1,2,0,0,0,0,0,0,0,0,0,0,0
Common Nighthawk,0,0,0,0,0,0,0,0,0,0,0,0,0,0,0,0,0,0,10,0,0,0,0,0,0,0,0,0,0,0,0,2,1,15,7,3,0,0,0,0,0,0,0,0,0,0,0,0
Eastern Whip-poor-will,0,0,0,0,0,0,0,0,0,0,0,0,0,0,0,0,0,0,0,0,0,0,0,0,0,0,0,0,0,0,0,0,0,0,0,2,0,0,0,0,0,0,0,0,0,0,0,0
Chimney Swift,0,0,0,0,0,0,0,0,0,0,0,1,0,0,3,143,325,421,435,329,112,75,67,63,45,49,63,91,67,53,64,86,80,171,121,172,122,54,8,0,0,0,0,0,0,0,0,0
Ruby-throated Hummingbird,0,0,0,0,0,0,0,0,0,0,0,0,0,0,0,40,84,94,38,3,0,0,0,0,0,2,6,2,4,9,19,33,57,144,108,117,25,0,0,0,0,0,0,0,0,0,0,0
Clapper Rail,0,0,0,0,0,0,0,0,0,0,0,0,0,0,0,0,0,40,0,0,0,0,0,0,0,0,0,0,0,0,0,0,0,0,0,0,0,0,0,0,0,0,0,0,0,0,0,0
Virginia Rail,0,0,0,0,0,0,0,0,0,0,0,0,0,0,0,0,0,0,0,0,0,0,0,0,0,0,0,0,0,0,0,0,0,3,0,0,0,0,0,0,0,0,0,1,0,0,0,0
American Coot,79,62,119,55,80,66,39,49,43,58,17,39,57,36,47,29,5,8,0,0,0,0,0,0,0,0,0,0,0,0,0,0,0,0,0,4,13,7,33,52,81,80,64,48,29,34,28,68
rail/crake sp.,0,0,0,0,0,0,0,0,0,0,0,0,0,0,0,0,0,0,0,0,0,0,0,0,0,0,0,0,0,0,0,0,0,1,0,0,0,0,0,0,0,0,0,0,0,0,0,0
Sandhill Crane,0,0,0,0,0,0,0,0,0,0,0,0,0,0,0,0,0,0,0,0,0,0,0,0,0,0,0,0,0,0,0,0,0,0,0,0,0,0,1,0,0,0,0,1,0,0,0,0
Black-bellied Plover,0,0,0,0,0,0,0,0,0,0,0,0,0,0,0,0,0,0,0,0,0,0,0,0,0,0,0,0,0,0,0,1,0,0,0,0,0,0,0,0,0,0,0,0,0,0,0,0
Semipalmated Plover,0,0,0,0,0,0,0,0,0,0,0,0,0,0,0,0,0,0,0,0,0,0,0,0,0,0,0,0,4,0,0,4,0,0,0,1,0,0,0,0,0,0,0,0,0,0,0,0
Killdeer,0,0,0,0,0,0,0,24,18,6,16,25,10,12,13,19,34,34,21,32,12,11,6,15,9,16,17,31,19,11,18,14,14,16,15,22,10,13,4,3,6,2,0,0,0,0,0,0
small plover sp.,0,0,0,0,0,0,0,0,0,0,0,0,0,0,0,0,0,0,0,0,0,0,0,0,0,0,0,0,0,0,0,0,0,0,1,0,0,0,0,0,0,0,0,0,0,0,0,0
Hudsonian Godwit,0,0,0,0,0,0,0,0,0,0,0,0,0,0,0,0,0,0,0,0,0,0,0,0,0,0,0,0,0,0,0,1,0,0,0,0,0,0,0,0,0,0,0,0,0,0,0,0
Ruddy Turnstone,0,0,0,0,0,0,0,0,0,0,0,0,0,0,0,0,0,0,0,0,0,0,0,0,0,0,0,0,0,0,0,0,0,0,0,0,0,0,0,0,0,0,0,0,0,10,6,1
Sanderling,0,0,0,0,0,0,0,0,0,0,0,0,0,0,0,0,0,0,0,0,0,0,0,0,0,0,0,0,0,0,0,2,0,0,0,0,0,0,0,0,0,0,0,0,0,0,0,0
Purple Sandpiper,0,0,0,0,0,0,0,0,0,0,0,0,0,0,0,0,3,0,0,0,0,0,0,0,0,0,0,0,0,0,0,0,0,0,0,0,0,0,0,0,0,0,0,0,0,4,0,3
Least Sandpiper,0,0,0,0,0,0,0,0,0,0,0,0,0,0,0,0,4,7,11,1,0,0,0,0,0,5,9,17,19,13,13,66,25,14,8,3,0,0,0,0,0,0,0,0,0,0,0,0
Semipalmated Sandpiper,0,0,0,0,0,0,0,0,0,0,0,0,0,0,0,0,0,0,0,0,0,0,0,0,0,1,0,9,27,6,5,20,15,12,14,6,0,0,0,0,0,0,0,0,0,0,0,0
peep sp.,0,0,0,0,0,0,0,0,0,0,0,0,0,0,0,0,0,1,0,0,0,0,0,0,0,0,0,4,2,0,2,2,1,0,1,0,0,0,0,0,0,0,0,0,0,0,0,0
American Woodcock,0,0,0,0,0,1,0,12,31,21,1,3,1,0,1,8,0,0,1,0,0,0,0,0,0,0,0,0,0,0,0,0,0,0,0,0,0,0,0,2,2,0,1,1,1,1,0,0
Wilson's Snipe,0,0,0,0,22,0,0,0,0,0,0,2,0,0,0,8,0,0,0,0,0,0,0,0,0,0,0,0,0,0,0,0,0,0,0,0,0,1,0,0,1,0,0,0,0,0,0,0
Spotted Sandpiper,0,0,0,0,0,0,0,0,0,0,0,0,0,0,0,8,75,33,18,5,1,0,0,1,1,6,8,12,17,6,21,18,9,14,4,6,9,5,3,2,0,0,0,0,0,0,0,0
Solitary Sandpiper,0,0,0,0,0,0,0,0,0,0,0,0,0,0,0,2,22,129,53,0,0,0,0,0,0,0,0,3,1,2,0,7,18,22,18,7,2,1,1,0,0,0,0,0,0,0,0,0
Greater Yellowlegs,0,0,0,0,0,0,0,0,0,0,0,0,0,0,0,2,2,8,2,0,0,0,0,0,0,0,0,0,0,0,0,0,0,3,0,0,0,0,0,1,0,0,0,0,0,0,0,0
Lesser Yellowlegs,0,0,0,0,0,0,0,0,0,0,0,0,0,0,0,0,0,2,0,0,0,0,0,0,0,0,0,0,0,1,2,0,10,8,13,8,0,0,0,0,0,0,0,0,0,0,0,0
Greater/Lesser Yellowlegs,0,0,0,0,0,0,0,0,0,0,0,0,0,0,0,0,0,0,0,0,0,0,0,0,0,0,0,0,0,0,0,0,0,0,1,0,0,0,0,0,0,0,0,0,0,0,0,0
shorebird sp.,0,0,0,0,0,0,0,0,0,0,0,0,0,0,1,0,0,1,1,1,0,0,1,0,0,0,0,1,1,1,1,3,0,0,0,0,1,0,0,0,3,0,0,0,0,0,0,0
Bonaparte's Gull,0,0,0,0,0,0,0,0,0,0,0,0,0,0,0,0,28,0,0,0,0,0,0,0,0,0,0,0,0,0,0,0,0,0,0,0,0,0,0,1,3,0,1,0,0,1,0,0
Black-headed Gull,0,0,0,0,0,0,0,4,0,0,1,0,0,0,0,0,0,0,0,0,0,0,0,0,0,0,0,0,0,0,0,0,0,0,0,0,0,0,0,0,0,0,0,0,0,0,0,0
Laughing Gull,0,0,0,0,0,0,0,0,0,0,0,1,0,3,16,26,38,46,33,25,12,9,13,16,16,29,37,58,46,20,32,58,22,18,23,28,38,22,29,23,19,11,4,3,2,0,0,0
Ring-billed Gull,241,162,196,226,164,181,140,173,170,205,142,225,121,112,127,167,164,131,85,70,28,19,22,33,34,54,81,120,93,63,74,178,111,113,133,167,139,139,173,188,187,165,131,170,135,143,125,191
Herring Gull,200,119,163,161,124,127,110,129,129,146,105,173,126,123,176,225,246,234,176,167,71,64,60,81,48,70,89,121,91,66,73,199,122,143,133,177,150,159,169,195,171,157,122,144,105,107,89,151
Iceland Gull,0,8,11,1,8,2,3,1,6,1,0,2,16,0,1,0,0,0,0,0,0,0,0,0,0,0,0,0,0,0,0,0,0,0,0,0,0,0,0,0,0,0,0,1,0,2,2,2
Lesser Black-backed Gull,0,0,0,2,0,1,0,0,0,0,0,0,0,0,0,0,0,0,0,0,0,0,0,0,0,0,0,0,0,0,0,3,0,0,0,0,0,0,0,1,1,0,0,0,0,2,0,1
Glaucous Gull,0,0,0,0,0,0,0,0,0,0,0,0,0,0,0,0,0,0,0,0,0,0,0,0,0,0,0,0,0,0,0,0,0,0,0,0,0,0,0,0,0,0,0,0,0,10,0,1
Great Black-backed Gull,168,106,154,140,115,111,96,123,119,129,72,141,91,80,95,101,128,129,97,95,35,40,33,54,26,47,47,66,53,42,62,142,94,86,88,108,98,103,107,141,155,150,108,116,90,103,78,134
Larus sp.,20,10,11,3,4,7,3,6,5,3,5,7,7,13,18,37,29,24,11,20,10,8,10,9,7,14,1,5,6,6,5,5,10,6,8,6,11,7,11,12,23,20,8,23,16,18,9,13
gull sp.,33,30,36,26,20,32,18,31,12,16,26,40,8,11,2,12,6,6,4,2,0,0,2,1,0,4,5,9,2,3,4,21,15,14,12,11,18,33,26,36,32,28,22,45,31,30,25,24
Least Tern,0,0,0,0,0,0,0,0,0,0,0,0,0,0,0,0,0,0,0,0,0,0,0,0,0,2,0,0,0,0,0,0,0,0,0,0,0,0,0,0,0,0,0,0,0,0,0,0
Caspian Tern,0,0,0,0,0,0,0,0,0,0,0,0,0,0,0,0,0,0,0,0,0,0,0,0,0,0,0,0,0,0,0,13,5,0,0,0,1,0,0,0,0,0,0,0,0,0,0,0
Black Tern,0,0,0,0,0,0,0,0,0,0,0,0,0,0,0,0,0,0,0,0,0,0,0,0,0,0,0,0,0,0,0,2,0,0,0,0,0,0,0,0,0,0,0,0,0,0,0,0
Common Tern,0,0,0,0,0,0,0,0,0,0,0,0,0,0,0,0,6,21,25,26,17,17,17,26,22,23,26,26,26,12,11,21,0,0,1,0,0,0,0,0,0,0,0,0,0,0,0,0
Forster's Tern,0,0,0,0,0,0,0,0,0,0,0,0,0,0,0,0,0,0,0,0,0,0,0,0,0,0,0,0,0,0,0,5,0,0,0,0,0,0,1,2,0,0,0,0,0,0,0,0
Common/Forster's Tern,0,0,0,0,0,0,0,0,0,0,0,0,0,0,0,0,0,0,0,0,0,0,0,0,0,0,0,0,0,0,0,1,0,0,0,0,0,0,0,0,0,0,0,0,0,0,0,0
Sterna sp.,0,0,0,0,0,0,0,0,0,0,0,0,0,0,0,0,0,0,0,0,0,0,0,0,0,2,1,0,2,1,0,2,2,1,0,0,0,0,0,0,0,0,0,0,0,0,0,0
Royal Tern,0,0,0,0,0,0,0,0,0,0,0,0,0,0,0,0,0,0,0,0,0,0,0,0,0,0,0,0,0,0,0,2,0,0,0,0,0,0,0,0,0,0,0,0,0,0,0,0
tern sp.,0,0,0,0,0,0,0,0,0,0,0,0,0,0,0,0,0,0,0,0,0,0,0,0,0,1,0,0,0,0,0,4,0,0,0,0,0,0,0,0,0,0,0,0,0,0,0,0
Black Skimmer,0,0,0,0,0,0,0,0,0,0,0,0,0,0,0,0,0,0,0,0,0,1,2,0,0,0,0,0,0,0,0,0,0,0,0,0,0,0,0,0,0,0,0,0,0,0,0,0
gull/tern sp.,0,0,0,0,0,0,0,0,0,0,0,0,0,0,0,0,0,0,0,0,0,0,0,0,0,2,0,0,0,0,0,0,0,0,0,0,0,0,0,0,0,0,0,0,0,0,0,0
Red-throated Loon,16,3,7,14,8,23,27,34,51,70,17,37,16,19,16,6,6,2,6,0,0,0,0,0,0,0,0,0,0,0,0,0,0,0,0,0,0,0,0,3,0,0,0,4,0,0,0,1
Common Loon,4,0,39,25,21,6,6,5,6,2,1,3,2,2,4,6,9,4,2,0,0,0,0,0,0,0,0,0,0,0,0,0,0,0,0,0,3,5,2,8,3,2,1,0,1,1,0,1
loon sp.,0,0,0,1,0,1,1,2,2,2,0,2,0,0,0,0,1,0,0,0,0,0,0,0,0,0,0,0,0,0,0,0,0,0,0,0,0,0,1,0,4,0,0,2,0,0,0,1
Northern Gannet,0,0,0,0,0,0,0,0,0,0,0,0,0,0,0,0,0,0,0,0,0,0,0,0,0,0,0,0,0,0,0,0,0,0,0,0,0,0,0,0,0,0,1,0,0,0,0,0
Great Cormorant,9,5,3,7,2,6,4,8,9,5,7,9,2,1,0,0,0,0,0,0,0,0,0,0,1,0,0,0,0,0,0,0,0,0,0,1,7,9,14,2,3,2,4,8,5,14,12,17
Double-crested Cormorant,74,47,36,50,24,29,20,52,42,78,43,156,207,221,300,452,443,450,375,300,102,80,67,95,58,84,87,141,88,64,73,158,107,103,110,115,104,103,139,141,90,66,36,72,60,64,57,65
cormorant sp.,2,1,0,3,0,1,2,1,5,2,2,2,1,0,1,1,0,0,0,0,0,0,0,0,0,0,0,0,0,0,0,0,0,0,0,0,2,5,2,4,5,3,1,3,1,7,6,7
Brown Pelican,0,0,2,0,0,0,0,0,0,0,0,0,0,0,0,0,0,0,0,0,0,0,0,0,0,0,0,0,0,0,0,0,0,0,0,0,0,0,0,0,0,0,0,0,0,0,0,0
American Bittern,0,0,0,0,0,0,0,0,0,0,0,0,0,0,0,0,0,0,0,0,0,0,0,0,0,0,0,0,0,0,0,0,0,1,0,0,0,0,0,0,0,0,0,0,0,0,0,0
Great Blue Heron,74,39,38,56,25,26,34,39,65,78,30,76,31,11,9,47,20,18,14,3,4,7,6,12,22,21,43,70,61,39,42,94,64,37,44,83,59,51,47,41,30,25,14,32,33,40,21,43
Great Egret,0,0,0,0,0,0,0,0,0,0,0,66,77,120,169,282,280,307,236,175,63,62,30,51,40,42,55,67,51,26,28,57,36,9,2,2,4,4,2,0,0,0,0,0,0,0,0,0
Snowy Egret,0,0,0,0,0,0,0,0,0,0,0,1,4,11,18,33,37,56,31,30,9,5,6,6,3,6,7,15,5,4,9,3,2,1,0,1,3,2,1,0,0,0,0,0,0,0,0,0
Little Blue Heron,0,0,0,0,0,0,0,0,0,0,0,0,0,0,0,0,0,0,0,0,0,0,0,0,0,0,15,0,0,0,0,0,0,0,0,0,0,0,0,0,0,0,0,0,0,0,0,0
white egret sp.,0,0,0,0,0,0,0,0,0,0,0,0,0,0,1,0,0,2,1,1,0,0,0,0,0,0,0,0,0,0,0,0,0,0,0,0,0,0,0,0,0,0,0,0,0,0,0,0
Green Heron,0,0,0,0,0,0,0,0,0,0,0,0,0,0,0,46,71,78,46,2,2,0,0,0,1,0,0,8,15,22,16,48,14,8,5,13,5,11,1,0,0,0,0,0,0,0,0,0
Black-crowned Night-Heron,1,9,4,0,2,1,0,1,1,11,0,5,21,19,49,101,67,91,107,87,45,47,28,44,38,28,33,55,46,23,44,83,47,71,42,68,33,27,37,9,3,1,1,0,1,0,1,10
Yellow-crowned Night-Heron,30,14,5,12,2,2,2,2,16,11,4,12,0,0,1,0,0,1,2,3,8,3,0,1,1,5,4,12,7,6,16,11,7,10,7,28,21,11,19,9,1,0,3,7,8,4,5,10
heron sp.,0,0,0,0,0,0,0,0,0,0,1,0,0,0,0,0,0,0,0,0,0,0,0,0,1,0,0,0,0,0,0,0,0,0,0,0,0,0,0,0,0,0,0,0,0,0,0,0
Glossy Ibis,0,0,0,0,0,0,0,0,0,0,0,0,0,0,1,2,0,2,1,0,0,0,0,0,0,0,1,0,0,0,0,0,0,0,0,0,0,0,0,0,0,0,0,0,0,0,0,0
Black Vulture,0,0,0,3,1,1,0,1,5,3,1,0,11,8,1,4,15,1,1,2,0,0,1,0,0,0,0,1,0,1,0,0,5,0,0,0,0,1,1,1,5,2,3,1,5,1,2,1
Turkey Vulture,7,2,1,5,6,7,3,2,4,29,12,27,29,15,35,46,47,40,24,18,5,4,4,2,1,0,0,3,2,1,3,2,4,1,3,7,11,7,56,19,19,19,18,32,10,7,1,2
new world vulture sp.,0,0,0,0,0,0,0,0,0,0,0,0,0,0,0,0,0,0,0,0,0,0,0,0,0,0,0,0,0,0,0,0,0,0,0,0,0,0,0,1,0,0,0,0,0,0,0,0
Osprey,0,0,0,0,0,0,0,0,0,0,0,15,1,12,10,20,20,20,16,14,5,6,4,4,8,4,9,13,12,14,20,69,56,72,42,52,47,23,28,7,4,4,0,0,0,0,0,0
Golden Eagle,0,0,0,0,0,0,0,0,0,0,0,0,0,0,0,0,0,0,0,0,0,0,0,0,0,0,0,0,0,0,0,0,0,0,0,0,0,0,0,0,0,0,3,0,0,0,0,0
Northern Harrier,1,0,0,0,1,0,1,0,2,0,1,0,0,0,0,0,0,0,0,0,0,0,0,0,0,0,0,0,0,0,0,0,1,3,0,13,6,0,6,5,0,1,2,2,1,0,0,0
Sharp-shinned Hawk,2,5,4,4,1,1,0,3,3,3,5,0,1,1,1,5,2,0,0,0,0,0,0,0,0,0,0,0,0,0,0,0,0,1,9,24,8,24,23,11,12,5,1,1,6,2,4,0
Cooper's Hawk,119,63,65,84,60,63,45,36,39,68,40,43,61,25,6,5,6,11,3,1,0,0,0,0,1,0,3,1,3,3,4,10,8,27,45,42,26,55,91,40,51,36,37,51,47,39,52,50
Accipiter sp.,2,0,0,0,1,0,0,0,0,0,0,1,0,1,2,2,1,2,0,0,0,0,0,0,0,0,0,0,0,0,0,0,0,2,3,2,2,7,3,3,5,1,0,1,0,0,0,0
Bald Eagle,20,7,20,21,2,3,5,3,12,12,4,19,4,1,23,24,16,12,9,2,0,0,0,1,1,1,0,1,1,1,1,20,15,11,20,34,3,13,28,29,23,18,10,36,12,10,9,7
Red-shouldered Hawk,9,5,5,3,5,4,3,0,1,1,1,1,0,0,1,0,0,0,0,0,0,0,0,0,0,0,0,0,0,0,0,0,1,1,0,6,0,0,17,12,14,18,5,12,3,0,7,2
Broad-winged Hawk,0,0,0,0,0,0,0,0,0,0,0,0,0,0,0,10,1,7,0,0,0,0,0,0,0,0,0,0,0,1,0,0,1,21,4,29,17,3,0,0,0,0,0,0,0,0,0,0
Red-tailed Hawk,232,163,202,280,156,181,143,128,172,242,151,263,258,244,302,515,412,376,234,177,38,40,20,39,16,17,21,38,33,22,43,50,87,117,139,208,133,159,158,169,132,112,87,126,86,77,101,115
Buteo sp.,0,1,0,0,1,0,0,0,0,1,0,0,0,1,0,0,0,0,0,0,0,0,0,0,0,0,1,0,0,0,0,0,0,0,0,1,0,1,5,3,3,0,1,2,2,0,2,0
hawk sp.,5,4,4,7,1,4,2,5,3,5,0,4,3,3,4,4,7,6,2,1,0,0,0,0,0,0,1,0,1,0,0,2,2,4,7,11,1,3,2,4,2,6,1,3,0,0,2,2
Eastern Screech-Owl,1,8,10,34,19,8,6,6,23,51,17,20,19,42,37,1,0,1,2,0,0,0,0,0,0,0,0,0,0,0,0,0,0,0,0,0,0,2,0,0,6,5,2,2,3,0,0,1
Great Horned Owl,0,5,0,7,7,2,3,2,11,0,0,15,1,1,0,105,3,0,0,0,0,0,0,0,0,0,0,0,0,0,0,0,0,0,0,1,23,0,0,0,1,1,2,0,1,1,1,3
Snowy Owl,0,0,0,61,29,7,13,20,1,0,0,0,0,0,0,0,0,0,0,0,0,0,0,0,0,0,0,0,0,0,0,0,0,0,0,0,0,0,0,0,0,0,0,4,0,0,0,0
Barred Owl,75,49,62,45,34,38,41,28,45,61,41,71,76,66,79,185,89,102,16,14,6,9,3,6,5,5,3,7,6,0,0,0,0,0,0,0,0,0,0,0,0,0,0,0,0,0,0,0
Long-eared Owl,0,0,0,4,0,7,0,0,0,2,0,0,0,0,0,0,0,0,0,0,0,0,0,0,0,0,0,0,0,0,0,0,0,0,0,0,0,0,0,0,0,0,0,0,0,0,0,0
Short-eared Owl,0,0,0,0,0,0,0,0,0,0,0,1,0,0,0,0,0,0,0,0,0,0,0,0,0,0,0,0,0,0,0,0,0,0,0,0,0,0,0,0,0,0,0,0,0,0,0,0
Northern Saw-whet Owl,0,0,0,0,0,0,3,0,0,0,3,0,0,0,0,0,0,0,0,0,0,0,0,0,0,0,0,0,0,0,0,0,0,0,0,0,0,0,0,0,0,0,1,0,0,1,0,0
owl sp.,0,0,0,2,0,0,0,0,0,0,0,0,0,0,0,0,0,0,0,0,0,0,0,0,0,0,0,0,0,0,0,0,0,0,0,0,0,0,0,0,0,0,0,0,0,0,0,0
Belted Kingfisher,58,32,21,23,6,5,6,9,19,12,8,7,4,0,12,30,13,15,0,0,0,0,0,0,1,1,4,10,4,3,17,30,16,12,12,32,50,67,45,18,20,14,8,27,20,24,14,21
Yellow-bellied Sapsucker,64,49,46,65,31,45,32,24,32,63,40,132,144,88,128,107,43,31,2,0,0,0,1,0,0,0,0,0,0,0,0,0,0,0,21,126,285,220,229,170,94,50,61,68,65,53,69,69
Red-headed Woodpecker,0,0,0,0,0,0,0,0,0,0,0,0,0,0,0,0,29,0,1,0,0,0,0,0,0,0,0,0,0,0,0,0,2,2,0,0,0,0,0,0,0,0,0,0,0,0,0,0
Red-bellied Woodpecker,173,130,150,175,116,127,118,90,131,216,157,276,272,290,363,686,671,610,468,311,94,56,29,36,31,19,21,27,35,26,65,70,98,145,133,180,140,164,141,131,98,88,69,98,57,56,63,87
Downy Woodpecker,158,100,130,154,113,105,125,94,134,194,138,254,275,260,346,504,368,362,293,178,41,29,22,33,33,15,31,46,33,29,80,81,105,159,137,178,126,141,121,117,111,75,84,106,58,76,74,102
Hairy Woodpecker,17,12,17,32,7,15,14,7,13,28,18,29,24,26,31,25,23,26,22,23,2,4,5,4,4,1,1,6,8,4,9,12,12,14,8,15,14,15,7,18,12,12,13,12,6,10,13,7
Downy/Hairy Woodpecker,5,1,1,2,1,2,2,0,4,3,2,1,2,5,2,4,3,5,8,4,1,1,1,0,1,0,0,1,0,0,3,1,2,1,3,3,1,4,0,1,0,0,1,1,1,0,0,2
Pileated Woodpecker,0,0,0,0,0,0,0,0,0,0,0,0,0,18,17,0,2,0,2,0,0,0,0,0,0,0,0,0,0,0,0,0,0,0,0,0,0,0,0,0,0,0,0,0,0,0,0,0
Northern Flicker,18,19,7,15,7,10,6,10,12,31,18,224,305,262,404,557,501,358,284,186,60,48,24,33,34,25,34,46,47,32,75,103,129,215,265,351,230,184,160,114,79,42,31,37,26,17,20,18
woodpecker sp.,0,4,2,1,1,0,2,1,0,1,0,3,8,4,5,5,5,2,1,0,1,1,3,1,0,1,0,0,2,0,0,0,1,1,1,2,3,0,4,4,0,0,0,0,0,0,0,2
American Kestrel,32,20,19,17,16,13,8,9,13,25,13,32,17,17,32,83,67,34,32,17,10,7,6,10,6,5,21,19,13,13,15,22,33,49,48,77,55,54,101,55,51,43,23,31,22,16,18,24
Merlin,3,5,7,16,2,3,3,5,1,6,2,5,2,3,0,10,9,2,0,0,0,0,0,0,0,0,0,0,0,0,0,0,1,0,7,6,6,7,18,9,7,2,2,1,1,0,0,2
Peregrine Falcon,82,52,31,40,52,35,23,29,26,26,15,39,29,24,37,68,40,45,35,31,6,4,3,8,5,9,8,13,6,7,2,22,8,32,36,42,13,38,56,41,37,37,27,47,23,28,16,20
small falcon sp.,0,0,1,0,0,0,0,0,0,0,1,1,0,0,1,1,0,0,1,0,0,0,0,0,0,0,0,0,0,0,0,0,0,0,3,2,0,4,1,0,1,0,1,0,0,0,0,1
falcon sp.,0,0,0,0,0,0,0,0,0,2,0,0,1,0,0,3,1,0,0,0,0,0,0,0,0,0,0,0,0,0,0,0,0,0,1,0,0,1,4,3,4,1,2,1,1,1,1,0
diurnal raptor sp.,0,1,1,0,0,0,0,0,0,0,0,2,1,0,0,1,0,0,1,0,0,0,0,0,0,1,1,0,2,0,0,1,0,0,1,1,0,1,1,2,0,0,0,4,1,0,0,1
Monk Parakeet,0,0,0,1,0,0,0,0,0,0,0,0,0,0,0,4,0,0,0,0,0,1,0,0,0,0,0,0,0,0,0,2,0,0,1,2,0,0,3,0,3,0,1,1,0,0,1,0
Olive-sided Flycatcher,0,0,0,0,0,0,0,0,0,0,0,0,0,0,0,1,0,1,32,48,3,0,0,0,0,0,0,0,0,2,0,1,3,34,11,2,0,0,0,0,0,0,0,0,0,0,0,0
Eastern Wood-Pewee,0,0,0,0,0,0,0,0,0,0,0,0,0,0,0,0,22,41,180,201,47,8,1,3,3,6,1,1,1,0,15,27,81,196,131,144,80,30,3,0,0,0,0,0,0,0,0,0
pewee sp. (Contopus sp.),0,0,0,0,0,0,0,0,0,0,0,0,0,0,0,0,0,0,0,0,0,0,0,0,0,0,0,0,0,0,0,0,0,1,0,0,0,0,0,0,0,0,0,0,0,0,0,0
Yellow-bellied Flycatcher,0,0,0,0,0,0,0,0,0,0,0,0,0,0,0,0,0,0,1,21,8,0,0,0,0,0,0,0,0,0,0,2,31,33,1,1,1,1,0,0,0,0,0,0,0,0,0,0
Acadian Flycatcher,0,0,0,0,0,0,0,0,0,0,0,0,0,0,0,0,1,1,6,29,0,0,0,0,0,0,0,0,0,0,0,0,0,0,0,0,0,0,0,0,0,0,0,0,0,0,0,0
Alder Flycatcher,0,0,0,0,0,0,0,0,0,0,0,0,0,0,0,0,0,0,0,17,0,0,0,0,0,0,0,0,0,0,0,0,0,0,0,0,0,0,0,0,0,0,0,0,0,0,0,0
Willow Flycatcher,0,0,0,0,0,0,0,0,0,0,0,0,0,0,0,0,0,0,0,12,1,0,0,0,0,0,0,0,1,0,3,0,0,0,1,0,0,0,0,0,0,0,0,0,0,0,0,0
Least Flycatcher,0,0,0,0,0,0,0,0,0,0,0,0,0,0,0,1,97,52,47,17,0,0,0,0,0,0,0,1,2,7,8,6,18,42,19,18,2,2,0,0,0,0,0,0,0,0,0,0
Empidonax sp.,0,0,0,0,0,0,0,0,0,0,0,0,0,0,0,1,11,14,16,30,1,0,0,0,0,0,1,0,2,2,14,11,24,53,17,10,0,0,0,0,0,0,0,0,0,0,0,0
Eastern Phoebe,0,2,0,0,0,0,0,0,0,32,21,190,236,72,42,10,15,5,2,9,0,1,0,0,0,0,2,0,0,2,2,3,7,22,75,208,245,184,162,93,71,4,1,1,0,1,1,1
Great Crested Flycatcher,0,0,0,0,0,0,0,0,0,0,0,0,0,0,0,38,176,168,174,123,37,11,5,10,5,0,3,0,3,1,14,20,51,94,23,3,0,0,1,0,0,0,0,0,0,0,0,0
Tyrannus sp.,0,0,0,0,0,0,0,0,0,0,0,0,0,0,0,0,0,0,0,0,0,0,0,0,0,0,0,0,0,0,0,0,0,0,0,1,0,0,0,0,0,0,0,0,0,0,0,0
Eastern Kingbird,0,0,0,0,0,0,0,0,0,0,0,0,0,0,0,19,74,124,207,150,31,21,10,15,18,14,19,41,42,38,36,36,32,8,4,0,0,0,0,0,0,0,0,0,0,0,0,0
White-eyed Vireo,0,0,0,0,0,0,0,0,0,0,0,0,0,0,24,55,61,11,19,0,0,0,0,0,0,0,0,0,0,0,0,0,0,5,2,0,2,1,1,0,0,0,0,0,0,0,0,0
Yellow-throated Vireo,0,0,0,0,0,0,0,0,0,0,0,0,0,0,31,30,101,18,8,1,0,0,0,0,0,0,0,0,0,0,0,0,3,2,3,1,0,0,0,0,0,0,0,0,0,0,0,0
Blue-headed Vireo,0,0,0,0,0,0,0,0,0,0,0,0,0,1,116,397,431,277,89,0,0,0,0,0,0,0,0,0,0,0,0,0,0,26,11,55,47,79,70,33,17,7,2,3,0,0,0,0
Philadelphia Vireo,0,0,0,0,0,0,0,0,0,0,0,0,0,0,0,0,0,0,11,4,0,0,0,0,0,0,0,0,0,0,0,0,0,0,0,1,0,0,0,0,0,0,0,0,0,0,0,0
Warbling Vireo,0,0,0,0,0,0,0,0,0,0,0,0,0,0,0,160,344,273,336,206,66,47,21,32,12,9,18,10,13,5,21,36,46,59,16,1,2,2,0,0,0,0,0,0,0,0,0,0
Philadelphia/Warbling Vireo,0,0,0,0,0,0,0,0,0,0,0,0,0,0,0,0,0,1,2,1,0,0,0,0,0,0,0,0,0,0,0,2,2,1,3,2,0,0,0,0,0,0,0,0,0,0,0,0
Red-eyed Vireo,0,0,0,0,0,0,0,0,0,0,0,0,0,0,0,15,70,105,419,275,45,6,4,2,2,0,1,3,2,5,27,49,141,241,123,128,37,14,1,0,0,0,0,0,0,0,0,0
vireo sp.,0,0,0,0,0,0,0,0,0,0,0,0,0,0,0,0,0,0,2,2,1,0,0,0,0,0,0,1,1,0,0,1,1,2,0,0,1,0,0,1,0,0,0,0,0,0,0,0
Blue Jay,286,218,253,303,216,238,185,174,190,320,230,479,467,496,542,932,892,833,689,496,166,115,95,106,92,88,104,122,122,119,190,268,254,352,339,475,378,386,348,344,261,228,143,183,133,121,124,182
American Crow,91,68,73,137,55,59,54,74,96,110,94,157,97,115,148,290,224,202,119,124,45,25,19,24,14,16,20,29,26,19,32,45,26,46,66,102,121,110,78,120,88,59,36,77,45,43,43,60
Fish Crow,10,7,4,10,3,3,4,7,7,6,13,39,28,28,62,85,53,58,33,44,13,18,8,21,17,23,19,18,9,3,14,10,1,5,1,6,3,1,2,5,5,5,1,6,4,3,6,3
American/Fish Crow,0,0,0,0,0,0,0,0,0,0,0,0,0,0,0,0,0,0,0,0,0,0,1,0,0,0,0,0,0,0,0,0,0,0,0,0,6,2,1,4,4,5,3,6,1,4,1,0
crow sp.,4,3,1,4,0,3,1,6,5,6,9,16,11,6,18,33,37,18,13,12,6,8,7,7,9,9,5,15,5,6,3,10,4,5,3,9,8,5,4,10,6,4,1,5,0,3,6,4
Common Raven,20,13,12,13,9,9,7,8,7,8,7,18,7,7,9,12,15,17,5,3,2,2,3,1,2,0,0,1,3,3,1,11,5,17,6,44,14,23,24,30,31,16,14,29,16,13,4,7
crow/raven sp.,0,1,0,0,0,0,0,0,0,0,0,0,0,0,0,0,0,0,0,0,0,0,0,0,0,0,0,0,0,0,0,0,0,0,0,0,0,0,0,0,4,1,3,1,1,1,0,0
Black-capped Chickadee,246,185,217,257,182,181,179,150,194,295,209,354,305,103,78,127,91,49,78,49,9,2,2,5,2,3,2,1,3,1,14,4,1,4,2,8,2,3,1,4,5,1,1,3,4,1,1,1
Tufted Titmouse,176,141,213,221,185,204,173,137,122,193,148,260,249,253,285,320,154,75,38,31,8,4,7,8,5,2,2,4,4,2,6,5,6,9,3,6,7,6,1,4,1,0,4,1,0,2,1,1
Horned Lark,0,0,0,0,0,0,0,0,0,0,0,0,0,0,0,0,0,0,0,0,0,0,0,0,0,0,0,0,0,0,0,0,0,0,0,0,0,0,0,0,1,0,2,3,2,2,0,0
Purple Martin,0,0,0,0,0,0,0,0,0,0,0,0,1,0,0,0,1,0,6,0,0,0,0,0,0,0,0,0,0,1,0,0,0,0,0,0,0,0,0,0,0,0,0,0,0,0,0,0
Tree Swallow,0,0,0,0,0,0,0,0,0,0,0,12,5,9,21,46,65,83,52,46,12,19,7,22,9,7,4,8,5,5,0,2,0,2,2,0,1,0,1,3,0,1,0,0,0,0,0,0
Bank Swallow,0,0,0,0,0,0,0,0,0,0,0,0,0,0,0,2,0,0,0,0,0,0,0,0,0,0,0,0,0,1,2,0,0,0,0,0,0,0,0,0,0,0,0,0,0,0,0,0
Barn Swallow,0,0,0,0,0,0,0,0,0,0,0,0,1,3,26,88,158,237,139,207,87,73,43,70,42,46,50,103,71,44,52,46,5,1,1,0,0,0,0,0,0,0,0,0,0,0,0,0
Cliff Swallow,0,0,0,0,0,0,0,0,0,0,0,0,0,0,0,0,0,0,1,0,0,0,0,0,0,0,0,13,0,1,0,0,0,1,0,0,0,0,0,0,0,0,0,0,0,0,0,0
swallow sp.,0,0,0,0,0,0,0,0,0,0,0,1,1,2,4,10,12,4,7,4,2,3,2,1,0,0,0,0,3,1,3,1,0,1,2,0,0,0,2,0,0,0,0,0,0,0,0,0
Ruby-crowned Kinglet,5,10,8,12,7,3,3,0,3,6,8,32,108,201,384,662,610,253,4,0,0,0,0,0,0,0,0,0,0,0,0,0,0,35,46,221,351,320,325,295,190,59,22,33,41,23,19,23
Golden-crowned Kinglet,2,0,0,0,0,0,0,0,0,4,4,186,164,55,37,11,0,0,0,0,0,0,0,0,0,0,0,0,0,0,0,0,0,0,2,112,206,165,220,176,149,60,19,25,14,13,22,11
Red-breasted Nuthatch,9,2,3,8,1,6,6,3,6,5,5,18,25,11,22,183,169,70,21,0,0,0,0,0,0,0,0,0,0,0,0,1,1,3,12,3,27,4,8,22,23,29,6,5,5,9,3,1
White-breasted Nuthatch,151,94,132,147,97,98,112,80,104,184,132,210,219,141,187,263,208,181,120,54,14,5,6,8,7,5,1,6,10,7,23,28,29,35,29,40,26,28,27,25,24,16,18,24,20,24,25,14
Brown Creeper,27,17,19,19,12,11,18,11,16,15,11,77,134,32,72,25,2,0,0,0,0,0,0,0,0,0,0,0,0,0,0,0,1,0,10,88,97,112,145,70,76,37,24,32,25,32,32,21
Blue-gray Gnatcatcher,0,0,0,0,0,0,0,0,0,0,0,0,3,6,54,155,204,102,14,0,0,0,0,0,0,0,0,0,1,0,17,5,24,31,1,1,2,0,0,5,1,0,0,0,1,0,0,0
House Wren,0,0,0,0,0,0,0,0,0,0,0,0,0,1,34,212,375,172,54,32,8,5,4,3,0,3,6,4,2,7,11,7,36,68,78,114,65,64,26,11,2,0,0,0,1,0,0,0
Winter Wren,16,11,12,18,10,5,7,7,11,14,4,17,25,3,26,21,23,3,0,0,0,0,0,0,0,0,0,0,0,0,0,0,0,1,10,69,74,63,91,92,78,28,15,21,9,8,11,8
Marsh Wren,0,0,0,0,0,0,0,0,0,0,0,0,0,0,22,1,4,14,27,1,0,0,0,0,0,0,0,0,0,0,0,2,0,0,17,6,1,1,14,16,1,1,0,0,0,0,0,0
Carolina Wren,64,44,50,77,50,45,38,33,51,61,62,99,70,88,91,137,130,172,95,69,29,21,12,19,12,18,22,30,36,18,38,52,63,69,68,98,73,83,53,66,55,41,23,41,36,30,34,34
wren sp.,0,0,0,0,0,0,0,0,0,0,0,0,0,0,0,1,0,0,0,0,0,0,0,0,0,0,0,0,0,0,1,0,0,1,1,2,6,2,5,1,1,0,0,1,0,0,1,1
European Starling,213,171,177,210,141,167,140,188,185,322,237,528,477,532,585,934,984,962,780,596,228,191,157,198,142,135,150,198,160,128,193,329,272,332,331,419,342,305,287,311,226,197,138,176,123,146,135,178
Gray Catbird,10,11,8,9,4,7,4,10,23,14,6,6,2,1,9,374,1040,1003,704,482,152,111,75,114,88,79,103,124,115,105,194,264,259,352,309,460,344,306,177,146,72,30,23,17,15,11,18,3
Brown Thrasher,0,2,1,0,2,5,11,0,2,6,2,8,27,5,18,64,75,22,1,1,1,0,0,0,0,0,1,0,0,0,0,0,0,7,38,96,51,42,13,2,1,0,0,0,3,2,1,1
Northern Mockingbird,109,81,68,120,46,75,62,54,82,111,107,207,143,130,185,237,205,223,162,150,81,67,48,66,44,60,58,98,80,48,66,148,106,123,125,186,174,174,150,151,99,74,44,95,67,63,62,85
Eastern Bluebird,0,0,0,0,0,0,0,0,0,1,0,0,0,0,1,0,0,0,0,1,0,0,0,0,0,0,0,0,0,0,0,0,0,0,0,0,0,0,0,2,21,17,1,5,0,0,0,0
Veery,0,0,0,0,0,0,0,0,0,0,0,0,0,0,0,116,360,351,195,68,1,0,0,0,1,0,0,0,0,0,3,41,124,168,58,43,5,0,0,1,0,0,0,0,0,0,0,0
Gray-cheeked Thrush,0,0,0,0,0,0,0,0,0,0,0,0,0,0,0,0,4,1,31,54,0,0,0,0,0,0,0,0,0,0,0,0,0,3,1,36,10,1,1,0,0,0,0,0,0,0,0,0
Swainson's Thrush,0,0,0,0,0,0,0,0,0,0,0,0,0,0,0,8,70,122,337,233,9,0,0,0,0,0,0,0,0,0,0,2,56,213,174,196,133,81,30,2,0,0,0,0,0,0,0,0
Hermit Thrush,17,15,15,19,9,17,11,8,6,16,8,26,95,111,363,721,640,258,47,4,0,0,0,0,0,0,0,0,0,0,0,0,0,4,2,7,57,143,260,361,219,107,73,65,45,37,25,33
Catharus sp.,0,0,0,0,0,0,0,0,0,0,0,0,0,0,1,2,6,3,16,9,0,0,0,0,0,0,0,0,0,0,0,2,6,9,5,13,4,2,1,2,0,0,0,0,0,0,0,0
Wood Thrush,0,0,0,0,0,0,0,0,0,0,0,0,0,0,4,127,408,331,143,78,24,18,13,14,6,10,7,16,19,4,8,12,31,86,50,71,44,17,2,2,0,0,0,0,1,0,0,0
American Robin,216,155,150,190,114,106,94,141,173,375,302,617,571,616,694,1111,1094,1076,887,629,236,198,169,197,146,135,159,212,156,148,251,309,333,420,388,507,402,375,354,391,293,219,177,199,135,125,131,161
thrush sp.,0,0,0,0,0,0,0,0,0,0,0,0,0,0,0,0,0,1,2,1,0,0,0,0,0,0,0,0,0,0,0,0,0,0,0,2,3,3,1,1,4,0,1,0,0,0,0,0
Cedar Waxwing,6,0,1,1,0,1,0,0,0,0,0,0,0,1,0,0,5,28,239,283,111,58,33,53,27,19,21,21,17,7,23,28,36,91,66,78,49,19,20,7,27,24,67,48,37,36,21,7
House Sparrow,338,259,317,384,276,339,282,276,302,444,320,601,525,555,693,1065,1061,1069,851,652,244,230,184,228,171,176,212,269,210,182,246,394,335,397,361,502,427,417,356,489,366,272,223,334,244,222,223,282
American Pipit,0,0,0,0,0,0,0,0,0,0,0,0,0,0,0,0,0,0,0,0,0,0,0,0,0,0,0,0,0,0,0,0,0,0,0,0,4,0,6,2,7,1,3,5,0,2,0,9
Evening Grosbeak,0,0,0,0,0,0,0,0,0,0,0,0,0,0,0,115,63,9,0,0,0,0,0,0,0,0,0,0,0,0,0,0,0,0,0,0,0,0,0,0,0,0,0,0,0,0,0,0
House Finch,115,71,69,86,64,74,82,54,81,159,77,138,137,118,199,233,200,195,143,132,42,26,25,25,19,15,15,22,30,24,31,49,41,73,73,98,89,67,73,63,71,56,39,43,46,55,62,55
Purple Finch,3,2,0,0,0,0,0,0,0,0,0,0,1,3,18,77,92,11,9,1,1,0,0,0,0,0,0,0,0,0,0,0,1,2,0,4,1,0,1,10,13,0,2,8,0,0,0,0
House/Purple Finch,0,0,0,0,0,2,0,1,0,0,0,0,0,2,0,2,2,1,0,1,1,0,0,0,0,0,0,0,0,0,0,0,0,0,0,0,0,0,0,0,0,0,0,0,0,0,0,0
Common Redpoll,1,0,0,9,0,2,0,0,0,1,0,0,0,0,0,0,0,0,0,0,0,0,0,0,0,0,0,0,0,0,0,0,0,0,0,0,0,0,0,0,0,0,0,0,0,0,0,0
Pine Siskin,0,0,0,0,0,0,0,0,0,0,0,0,0,0,0,0,2,4,6,0,0,0,0,0,0,0,0,0,0,0,0,0,0,0,0,0,0,0,0,0,0,0,4,0,0,0,0,0
American Goldfinch,90,50,48,55,58,55,64,42,71,112,71,164,156,129,194,457,448,322,131,45,17,14,7,19,10,16,22,40,36,27,53,74,60,75,63,72,46,49,28,22,21,26,34,45,27,34,17,14
Spinus sp.,0,0,0,0,0,0,0,0,0,0,0,0,0,0,0,0,0,0,0,0,0,0,0,0,0,0,0,0,0,0,0,0,0,0,0,0,0,0,0,0,1,0,0,0,0,0,0,0
finch sp.,0,0,1,0,0,0,0,0,0,0,0,0,0,0,0,0,0,1,0,0,0,0,0,0,0,0,0,0,0,0,0,0,0,0,0,0,0,0,0,0,1,0,3,1,1,0,0,0
Lapland Longspur,0,0,0,0,0,0,0,0,0,0,0,0,0,0,0,0,0,0,0,0,0,0,0,0,0,0,0,0,0,0,0,0,0,0,0,0,0,0,0,0,0,0,0,1,0,0,0,0
Snow Bunting,0,0,0,0,0,0,1,0,0,0,0,0,0,0,0,0,0,0,0,0,0,0,0,0,0,0,0,0,0,0,0,0,0,0,0,0,0,0,0,0,0,0,2,1,0,0,0,0
Grasshopper Sparrow,0,0,0,0,0,0,0,0,0,0,0,0,0,0,0,0,0,0,0,0,0,0,0,0,0,0,0,0,0,0,0,0,0,0,0,0,2,0,0,0,0,0,0,0,0,6,0,0
Chipping Sparrow,4,3,2,3,16,6,1,5,7,17,7,35,78,181,268,374,378,176,29,3,2,1,1,0,0,0,0,0,1,2,1,0,4,0,5,25,62,107,114,157,89,43,21,6,6,13,0,1
Clay-colored Sparrow,0,0,0,0,0,0,0,0,0,0,0,0,0,0,0,0,0,0,0,0,0,0,0,0,0,0,0,0,0,0,0,0,0,6,1,3,0,0,2,14,1,0,0,0,0,0,0,0
Field Sparrow,0,1,0,0,12,2,2,0,3,1,1,8,41,63,67,90,45,31,7,1,0,0,0,0,0,0,0,0,0,0,0,0,1,0,1,2,3,41,47,65,28,3,2,0,1,0,0,0
Lark Sparrow,0,0,0,0,0,0,0,0,0,0,0,0,0,0,0,0,0,0,0,0,0,0,0,0,0,0,0,0,0,0,2,0,0,0,0,0,0,0,0,0,0,0,0,0,0,0,0,0
American Tree Sparrow,15,5,3,3,31,30,21,14,12,10,1,0,0,0,0,0,0,0,0,0,0,0,0,0,0,0,0,0,0,0,0,0,0,0,0,0,0,0,0,0,3,0,0,2,4,4,2,0
Fox Sparrow,36,10,8,12,35,28,15,10,23,92,49,74,21,0,1,0,1,1,0,0,0,0,0,0,0,0,0,0,0,0,0,0,0,0,0,0,0,0,0,4,12,12,36,39,37,50,25,18
Dark-eyed Junco,72,29,41,81,85,80,56,37,81,234,163,277,205,186,207,65,13,10,2,0,0,0,0,0,0,0,0,0,0,0,0,0,0,1,6,32,86,175,233,289,246,169,127,159,106,63,45,29
White-crowned Sparrow,0,0,0,0,0,0,0,0,5,0,0,0,0,0,0,19,125,102,11,0,0,0,0,0,0,0,0,0,0,0,0,0,0,0,0,8,19,53,42,35,12,0,0,0,0,0,0,0
White-throated Sparrow,293,206,245,317,231,243,203,202,228,351,245,493,462,495,606,1012,985,812,287,117,25,4,2,8,6,2,3,2,2,3,25,32,13,28,58,289,368,394,422,536,400,295,235,316,248,215,194,226
Vesper Sparrow,0,0,0,0,0,0,0,0,0,0,0,0,0,33,3,0,0,0,0,0,0,0,0,0,0,0,0,0,0,0,0,0,0,0,0,0,7,0,3,22,11,0,0,0,0,0,0,0
Seaside Sparrow,0,0,0,0,0,0,0,0,0,0,0,0,0,0,0,0,0,3,0,0,0,0,0,0,0,0,0,0,0,0,0,0,0,0,0,0,0,0,0,0,0,0,0,0,0,0,0,0
Nelson's Sparrow,0,0,0,0,0,0,0,0,0,0,0,0,0,0,0,0,0,0,0,0,0,0,0,0,0,0,0,0,0,0,0,0,0,0,0,0,24,10,2,3,0,0,0,0,0,0,0,0
Saltmarsh Sparrow,0,0,0,0,0,0,0,0,0,0,0,0,0,0,0,0,0,0,0,0,0,0,0,0,0,0,0,0,0,0,0,19,0,0,0,0,4,5,0,0,0,0,0,0,0,0,0,0
Savannah Sparrow,0,1,0,0,0,0,0,1,0,0,0,2,0,36,51,44,47,45,3,0,0,0,0,0,0,0,0,0,0,0,0,0,0,3,27,68,86,70,58,39,22,4,6,7,0,4,0,0
Song Sparrow,111,73,53,113,96,69,62,68,122,285,196,359,258,200,236,215,201,188,104,94,43,43,28,40,31,41,56,83,63,28,39,43,34,52,69,184,256,285,318,382,258,151,76,101,86,74,58,86
Lincoln's Sparrow,4,7,1,1,1,0,0,2,7,7,10,5,9,7,8,5,38,62,20,6,1,0,0,0,0,0,0,0,0,0,0,0,0,8,22,45,38,22,6,11,6,6,0,1,1,0,0,0
Swamp Sparrow,18,21,13,36,19,9,10,15,25,33,24,45,69,79,175,318,403,284,76,12,0,0,0,0,1,0,0,1,0,0,0,0,0,0,3,90,138,120,130,160,83,20,14,23,14,9,6,3
Lincoln's/Swamp Sparrow,0,0,0,0,0,0,0,0,0,0,0,0,0,0,0,0,0,0,0,0,0,0,0,0,0,0,0,0,0,0,0,0,0,0,0,2,0,1,0,0,0,0,0,0,0,0,0,0
Eastern Towhee,7,3,4,5,7,7,6,3,4,3,8,11,8,31,189,458,525,233,12,8,1,1,0,0,0,1,0,0,0,0,1,1,0,3,1,15,65,129,98,46,16,6,8,1,1,1,2,6
sparrow sp.,4,4,0,1,0,5,1,1,2,2,1,1,1,4,3,6,3,4,3,5,3,1,0,0,0,3,0,1,2,0,0,0,3,2,2,4,4,11,7,14,12,3,6,4,2,5,5,3
Yellow-breasted Chat,0,0,0,0,0,0,0,0,0,0,0,0,0,0,0,0,7,26,0,0,0,0,0,0,0,0,0,0,0,0,0,0,0,1,2,11,1,0,0,70,32,1,0,2,1,4,3,0
Bobolink,0,0,0,0,0,0,0,0,0,0,0,0,0,0,0,0,9,10,6,1,0,1,0,0,0,0,0,1,0,0,0,1,1,5,6,9,1,1,0,1,0,0,0,0,0,0,0,0
Eastern Meadowlark,0,0,0,0,0,0,0,0,1,0,0,1,51,94,3,0,0,0,0,0,0,0,0,0,0,0,0,0,0,0,0,0,0,0,0,3,13,10,27,7,19,1,0,1,0,0,0,0
Orchard Oriole,0,0,0,0,0,0,0,0,0,0,0,0,0,0,0,30,75,121,50,44,9,6,5,3,2,2,1,1,0,0,0,0,0,0,0,0,0,0,0,0,0,0,0,0,0,0,0,0
Baltimore Oriole,0,0,1,0,0,0,0,0,0,0,0,0,0,0,0,157,606,612,504,336,98,58,30,35,18,13,9,14,25,28,63,59,49,53,21,14,3,1,1,0,6,0,0,2,0,0,0,0
Red-winged Blackbird,7,3,6,7,5,49,24,17,91,196,104,278,292,291,401,690,636,562,451,358,115,102,55,76,50,44,74,62,29,20,22,16,6,15,5,8,3,1,43,35,33,28,37,35,17,21,14,14
Brown-headed Cowbird,0,1,1,1,1,1,0,3,5,21,21,36,49,84,112,191,122,62,45,26,10,13,4,8,10,13,13,17,5,6,8,8,7,6,7,12,9,8,23,16,22,6,4,7,1,1,6,2
Rusty Blackbird,46,14,13,18,5,10,6,9,16,8,2,7,4,16,8,3,3,1,0,0,0,0,0,0,0,0,0,0,0,0,0,0,0,0,0,0,0,9,14,20,3,1,8,1,15,7,0,0
Common Grackle,64,59,65,75,80,63,65,55,89,225,142,297,318,272,386,711,743,698,603,442,130,118,85,108,76,61,77,104,90,77,160,164,159,195,183,222,144,97,123,89,72,54,40,43,23,9,21,14
grackle sp.,0,1,0,0,0,0,0,0,0,0,0,0,0,0,0,0,0,0,0,0,0,0,0,0,0,0,0,0,0,0,0,0,0,0,0,0,0,0,0,1,0,0,0,0,1,0,0,0
blackbird sp.,0,1,0,1,1,0,0,2,1,9,0,8,2,0,0,1,0,2,3,0,0,0,0,1,1,1,3,6,0,0,4,1,0,2,0,1,3,1,10,12,22,16,13,17,6,4,1,1
Ovenbird,0,1,0,0,0,0,0,0,0,0,0,0,0,0,3,230,801,704,404,128,11,2,0,0,0,0,0,0,4,4,43,31,53,153,109,154,127,74,13,10,2,1,3,8,3,3,2,2
Worm-eating Warbler,0,0,0,0,0,0,0,0,0,0,0,0,0,0,0,59,96,142,24,2,0,0,0,0,1,0,0,0,3,0,30,4,3,1,0,0,0,0,0,0,0,0,0,0,0,0,0,0
Louisiana Waterthrush,0,0,0,0,0,0,0,0,0,0,0,0,55,45,75,260,59,44,0,0,0,0,0,0,0,1,3,6,6,1,1,0,0,0,0,0,0,0,0,0,0,0,0,0,0,0,0,0
Northern Waterthrush,0,0,0,0,0,0,0,0,0,0,0,0,0,0,13,275,476,388,310,127,6,0,1,0,0,0,0,4,18,24,87,90,47,27,39,73,58,30,12,1,0,0,0,0,0,0,0,0
Blue-winged Warbler,0,0,0,0,0,0,0,0,0,0,0,0,0,0,0,57,161,22,11,2,0,0,0,0,0,0,0,0,3,2,41,22,8,13,3,0,0,0,0,0,0,0,0,0,0,0,0,0
Brewster's Warbler (hybrid),0,0,0,0,0,0,0,0,0,0,0,0,0,0,0,0,0,0,0,0,0,0,0,0,0,0,0,0,0,0,0,0,0,2,0,0,0,0,0,0,0,0,0,0,0,0,0,0
Black-and-white Warbler,0,0,0,0,0,0,0,0,0,0,0,0,0,12,91,522,889,798,530,132,8,0,0,0,0,0,0,0,16,21,132,104,171,351,304,289,191,108,45,6,4,1,4,1,4,0,1,0
Prothonotary Warbler,0,0,0,0,0,0,0,0,0,0,0,0,0,0,0,1,0,0,69,0,5,0,0,0,0,0,0,0,0,13,65,3,0,0,0,0,0,0,0,0,0,0,0,0,0,0,0,0
Tennessee Warbler,0,4,1,0,0,0,0,0,0,0,0,0,0,0,0,3,13,8,77,9,1,0,0,0,0,0,0,0,0,0,9,11,12,32,16,30,25,4,5,1,0,0,0,0,0,0,0,0
Orange-crowned Warbler,0,3,3,3,1,0,0,0,0,0,4,4,3,3,0,0,3,1,0,0,0,0,0,0,0,0,0,0,0,0,0,0,0,0,0,0,1,8,2,1,3,2,19,9,9,6,5,8
Nashville Warbler,0,0,0,0,0,0,0,0,0,0,0,0,0,0,0,74,268,198,68,9,0,0,0,0,0,0,0,0,0,0,0,2,5,34,19,26,25,12,20,12,9,0,0,0,1,0,0,0
Connecticut Warbler,0,0,0,0,0,0,0,0,0,0,0,0,0,0,0,0,0,0,0,0,0,0,0,0,0,0,0,0,0,0,0,0,0,22,3,30,2,1,0,0,0,0,0,0,0,0,0,0
Mourning Warbler,0,0,0,0,0,0,0,0,0,0,0,0,0,0,0,0,0,0,5,49,0,0,0,0,0,0,0,0,0,0,4,0,0,1,0,4,38,0,0,0,0,0,0,0,0,0,0,0
Kentucky Warbler,0,0,0,0,0,0,0,0,0,0,0,0,0,0,8,162,0,0,0,14,0,0,0,0,0,0,0,0,0,0,0,0,0,0,0,0,0,0,0,0,0,0,0,0,0,0,0,0
Common Yellowthroat,0,0,0,0,0,0,0,0,0,0,0,0,0,7,14,301,780,786,611,236,35,7,5,5,1,0,2,5,4,4,16,92,130,307,297,387,361,193,90,116,70,9,9,14,8,4,7,4
Hooded Warbler,0,0,0,0,0,0,0,0,0,0,0,0,0,0,0,65,123,40,52,2,0,0,0,0,0,0,0,0,0,0,1,1,0,1,14,20,0,0,0,0,0,0,0,0,0,0,0,0
American Redstart,0,0,0,0,0,0,0,0,0,0,0,0,0,0,4,95,484,675,670,434,55,2,0,1,0,0,0,5,23,22,154,183,238,410,318,320,181,77,8,4,1,1,0,0,0,10,0,0
Cape May Warbler,0,0,0,0,0,0,0,0,0,0,0,0,0,0,0,68,203,306,106,0,0,0,0,0,0,0,0,0,0,0,1,3,6,47,29,17,22,22,2,1,0,0,0,0,0,0,0,0
Cerulean Warbler,0,0,0,0,0,0,0,0,0,0,0,0,0,0,0,0,63,1,8,0,0,0,0,0,0,0,0,0,0,0,0,0,0,0,0,0,0,0,0,0,0,0,0,0,0,0,0,0
Northern Parula,0,0,0,0,0,0,0,0,0,0,0,5,66,17,2,247,703,679,487,112,12,2,3,0,0,0,0,0,1,0,9,29,83,249,258,261,168,77,21,4,1,0,0,1,0,0,0,0
Magnolia Warbler,0,0,0,0,0,0,0,0,0,0,0,0,0,0,0,66,543,669,569,148,8,0,0,0,0,0,0,0,0,0,13,17,94,256,213,271,204,50,8,0,0,0,0,0,0,0,0,0
Bay-breasted Warbler,0,0,0,0,0,0,0,0,0,0,0,0,0,0,0,0,7,51,391,43,0,0,0,0,0,0,0,0,0,0,2,2,2,82,31,29,10,4,0,0,0,0,0,0,0,0,0,0
Blackburnian Warbler,0,0,0,0,0,0,0,0,0,0,0,0,0,0,0,82,97,162,224,24,2,0,0,0,0,0,0,0,1,0,0,2,6,27,13,7,4,0,0,0,0,0,0,0,0,0,0,0
Yellow Warbler,0,0,0,0,0,0,0,0,0,0,0,0,0,0,1,162,421,295,331,108,20,20,12,9,4,1,3,23,28,26,26,30,22,42,37,57,12,3,1,0,0,0,0,0,0,0,0,0
Chestnut-sided Warbler,0,0,0,0,0,0,0,0,0,0,0,0,0,0,0,44,256,370,365,39,4,0,0,0,0,0,0,0,1,1,57,39,56,155,98,45,27,2,0,0,0,0,0,0,0,0,0,0
Blackpoll Warbler,0,0,0,0,0,0,0,0,0,0,0,0,0,0,0,25,40,89,517,333,25,0,0,0,0,0,0,0,0,0,0,0,1,73,57,194,185,64,42,11,1,1,0,0,0,0,0,0
Black-throated Blue Warbler,0,0,0,0,0,0,0,0,0,0,0,0,0,0,0,161,672,580,424,66,2,0,0,0,0,0,0,0,0,0,19,47,33,139,81,169,197,139,67,15,1,1,5,7,0,0,0,1
Palm Warbler,0,0,0,0,0,0,0,0,0,0,0,10,90,144,228,349,136,10,0,0,0,0,0,0,0,0,0,0,0,0,0,1,2,18,83,144,172,134,148,124,41,7,1,1,1,0,0,0
Pine Warbler,0,0,0,0,0,0,0,0,0,1,2,61,24,105,101,49,29,6,7,1,0,0,0,0,0,0,0,0,0,0,3,2,1,42,47,85,59,37,28,16,2,10,7,3,1,1,0,0
Yellow-rumped Warbler,0,1,0,0,2,0,0,0,1,0,0,2,12,75,79,548,759,465,276,11,0,0,0,0,0,0,0,0,0,0,0,0,0,19,21,120,174,183,203,212,93,38,22,25,11,20,5,16
Yellow-throated Warbler,0,0,0,0,0,0,0,0,0,0,0,0,0,0,0,58,29,1,2,0,0,0,0,0,0,0,0,0,0,0,0,0,0,0,0,0,0,0,0,0,0,0,0,0,0,0,0,0
Prairie Warbler,0,0,0,0,0,0,0,0,0,0,0,0,0,0,6,145,248,212,8,0,1,0,0,0,0,0,0,0,1,0,0,2,7,30,27,10,0,2,1,0,0,0,4,0,2,0,0,0
Black-throated Green Warbler,0,0,0,0,0,0,0,0,0,0,0,0,0,0,1,215,383,312,246,36,2,0,0,0,0,0,0,0,0,0,0,3,15,66,39,98,57,6,9,1,0,0,0,0,0,0,0,0
Setophaga sp.,0,0,0,0,0,0,0,0,0,0,0,0,0,0,0,0,0,0,0,0,0,0,0,0,0,0,0,0,0,0,0,0,0,0,0,0,2,0,0,0,0,0,0,0,0,0,0,0
Canada Warbler,0,0,0,0,0,0,0,0,0,0,0,0,0,0,0,1,64,146,343,121,5,2,0,0,0,0,0,0,0,10,72,35,68,82,25,9,0,0,0,0,0,0,0,0,0,0,0,0
Wilson's Warbler,0,0,0,0,0,0,0,0,0,0,0,0,0,16,0,0,65,190,91,26,0,0,0,0,0,0,0,0,0,0,5,2,3,34,5,31,2,1,1,0,0,0,0,0,0,0,0,0
warbler sp. (Parulidae sp.),0,0,0,0,0,0,0,0,0,0,0,1,4,3,5,15,12,16,17,10,6,1,0,0,1,0,0,7,4,4,5,15,20,46,18,46,38,22,6,10,6,1,2,1,0,0,0,0
Summer Tanager,0,0,0,0,0,0,0,0,0,0,0,0,0,0,0,1,1,60,3,1,0,0,0,0,0,0,0,0,0,0,0,0,0,0,0,0,0,0,0,0,0,0,0,0,0,0,0,0
Scarlet Tanager,0,0,0,0,0,0,0,0,0,0,0,0,0,0,0,31,122,249,383,69,2,0,0,0,0,0,0,0,1,0,1,6,13,102,43,94,64,24,3,0,1,0,0,1,0,0,0,0
Western Tanager,26,6,9,4,5,10,4,2,4,7,10,8,4,3,3,0,0,0,0,0,0,0,0,0,0,0,0,0,0,0,0,0,0,0,0,0,0,0,0,0,0,0,0,15,31,17,17,14
tanager sp. (Piranga sp.),0,0,0,0,0,0,0,0,0,0,0,0,0,0,0,0,1,0,1,0,0,0,0,0,0,0,0,0,0,0,0,0,1,0,0,0,0,0,0,0,0,0,0,0,0,0,0,0
Northern Cardinal,224,168,186,267,189,198,185,142,202,307,218,451,430,415,527,919,858,783,662,489,147,134,96,116,89,76,109,130,124,129,214,231,252,324,279,364,274,273,221,215,167,132,105,154,127,108,108,144
Rose-breasted Grosbeak,0,0,0,0,0,0,0,0,0,0,0,0,0,0,0,112,324,219,144,32,1,0,0,0,0,0,0,0,1,0,1,14,21,118,69,104,24,17,1,0,0,0,0,0,0,0,0,0
Blue Grosbeak,0,0,0,0,0,0,0,0,0,0,0,0,0,0,0,2,9,11,6,0,0,0,0,0,0,0,0,0,0,0,0,0,0,0,7,5,8,1,0,0,0,0,0,0,0,0,0,0
Indigo Bunting,0,0,0,0,0,0,0,0,0,0,0,0,0,0,0,15,171,184,117,7,0,0,0,0,0,0,0,0,1,0,0,0,2,5,1,15,21,60,2,0,1,0,0,0,0,0,0,0
Dickcissel,0,0,0,0,0,0,0,0,0,0,0,0,0,0,0,0,0,0,0,0,0,0,0,0,0,0,0,0,0,0,0,0,0,1,4,7,4,3,9,1,1,5,3,9,1,0,3,0
passerine sp.,1,0,3,1,0,1,0,2,0,0,1,2,1,1,6,5,6,2,11,3,0,1,0,1,1,1,1,1,1,0,1,1,2,17,6,4,3,0,8,7,16,12,14,15,11,6,0,2
bird sp.,2,0,3,1,1,4,0,1,1,2,2,2,5,4,7,4,4,4,6,3,0,2,1,1,0,0,2,1,1,2,3,2,4,3,1,3,3,1,3,6,10,8,4,5,4,2,1,0